<?xml version="1.0" encoding="UTF-8"?>
<beans xmlns="http://www.springframework.org/schema/beans"
       xmlns:xsi="http://www.w3.org/2001/XMLSchema-instance" xmlns:context="http://www.springframework.org/schema/context"
       xmlns:util="http://www.springframework.org/schema/util"
       xsi:schemaLocation="
        http://www.springframework.org/schema/beans
       	http://www.springframework.org/schema/beans/spring-beans.xsd
       	http://www.springframework.org/schema/context
       	http://www.springframework.org/schema/context/spring-context.xsd
       	http://www.springframework.org/schema/util
       	http://www.springframework.org/schema/util/spring-util.xsd">

    <bean id="itecbrazil-default.properties"
          class="org.springframework.beans.factory.config.PropertiesFactoryBean">
        <property name="locations" value="resources/default/itecbrazil.properties" />
    </bean>

    <context:property-placeholder location="resources/itecbrazil.properties"
                                  properties-ref="itecbrazil-default.properties" />

    <bean id="com.itecbrazil.pdv.datasource" class="org.apache.tomcat.dbcp.dbcp.BasicDataSource">
        <property name="url" value="${com.itecbrazil.pdv.jdbc.url}" />
        <property name="username" value="${com.itecbrazil.pdv.jdbc.user}" />
        <property name="password" value="${com.itecbrazil.pdv.jdbc.password}" />
        <property name="driverClassName" value="${com.itecbrazil.pdv.jdbc.driver}" />
        <property name="maxWait" value="${com.itecbrazil.pdv.jdbc.maxWait}" />
        <property name="maxActive" value="${com.itecbrazil.pdv.jdbc.maxActive}" />
    </bean>
    
    <bean id="com.itecbrazil.erp.datasource" class="org.apache.tomcat.dbcp.dbcp.BasicDataSource">
        <property name="url" value="${com.itecbrazil.erp.jdbc.url}" />
        <property name="username" value="${com.itecbrazil.erp.jdbc.user}" />
        <property name="password" value="${com.itecbrazil.erp.jdbc.password}" />
        <property name="driverClassName" value="${com.itecbrazil.erp.jdbc.driver}" />
        <property name="maxWait" value="${com.itecbrazil.erp.jdbc.maxWait}" />
        <property name="maxActive" value="${com.itecbrazil.erp.jdbc.maxActive}" />
    </bean>
    
</beans>
