<?xml version="1.0"?>
<!DOCTYPE Configure PUBLIC "-//Jetty//Configure//EN" "http://www.eclipse.org/jetty/configure.dtd">

<Configure id="Server" class="org.eclipse.jetty.server.Server">
    
    <New id="com.itecbrazil.applicationContext.resource" class="org.eclipse.jetty.plus.jndi.Resource">
        <Arg></Arg>
        <Arg>com.itecbrazil/applicationContext</Arg>
        <Arg>
            <New id="com.itecbrazil.applicationContext" class="org.springframework.context.support.FileSystemXmlApplicationContext">
                <Arg>resources/com.itecbrazil.applicationContext.xml</Arg>
                <Call name="getBean" id="com.itecbrazil.erp.datasource">
                    <Arg>com.itecbrazil.erp.datasource</Arg>
                </Call>
                <Call name="getBean" id="com.itecbrazil.pdv.datasource">
                    <Arg>com.itecbrazil.pdv.datasource</Arg>
                </Call>
            </New>
        </Arg>
    </New>
    
    <New id="com.itecbrazil.pdv.datasource.resource" class="org.eclipse.jetty.plus.jndi.Resource">
        <Arg></Arg>
        <Arg>com.itecbrazil.pdv/datasource</Arg>
        <Arg>
            <Ref id="com.itecbrazil.pdv.datasource"/>
        </Arg>
    </New>
    
    <New id="com.itecbrazil.erp.datasource.resource" class="org.eclipse.jetty.plus.jndi.Resource">
        <Arg></Arg>
        <Arg>com.itecbrazil.erp/datasource</Arg>
        <Arg>
            <Ref id="com.itecbrazil.erp.datasource"/>
        </Arg>
    </New>

</Configure>
