<?xml version="1.0" encoding="UTF-8"?>
<project name="com.itecbrazil.platform.jetty" basedir="." default="setup">

    <macrodef name="unpack200">
        <element name="src-fileset" implicit="yes" />
        <sequential>
            <apply executable="unpack200" parallel="false">
                <arg value="--remove-pack-file" />
                <srcfile />
                <targetfile />
                <src-fileset />
                <mapper type="regexp" from="^(.*)\.pack.gz$$" to="\1" />
            </apply>
        </sequential>
    </macrodef>
    
    <target name="setup" depends="unpack,create-service"/>
    
    <target name="unpack">
        <echo level="info" message="Desempacotando blibliotecas, aguarde ...." />
        <unpack200>
            <fileset dir=".">
                <include name="**/*.jar.pack.gz" />
            </fileset>
        </unpack200>
    </target>
    
    <target name="create-service" depends="detect-os,create-windows-service,create-unix-service"/>
  
    <target name="detect-os">
        <condition property="isWindows">
            <os family="windows" />
        </condition>
        <condition property="isUnix">
            <os family="unix" />
        </condition>
        <condition property="isKernel32">
            <or>
                <os arch="x86" />
                <os arch="i386" />
            </or>
        </condition>
        <condition property="isKernel64">
            <os arch="amd64" />
        </condition>
    </target>
    
    <target name="create-windows-service" if="isWindows" depends="copy-windows32,copy-windows64">
        <property environment="env"/>	
        <mkdir dir="${env.windir}\System32\config\systemprofile\AppData\Local\Temp"/>
        <exec executable="bin/service.exe" failonerror="false">
            <arg line="-i service.conf"/>
        </exec>
        <exec executable="net" failonerror="true">
            <arg line="start itec-appserver"/>
        </exec>
    </target>
    
    <target name="create-unix-service" if="isUnix" depends="copy-unix32,copy-unix64">
        <exec executable="chmod" failonerror="false">
            <arg line="+x bin/service.sh bin/service-wrapper"/>
        </exec>
        <apply executable="ln" failonerror="false">
            <arg line="-s"/>
            <srcfile/>
            <arg line="/etc/init.d/itec-appserver"/>
            <file file="bin/service.sh" />
        </apply>
        <exec executable="update-rc.d" failonerror="false">
            <arg line="itec-appserver defaults"/>
        </exec>
        <exec executable="/etc/init.d/itec-appserver" failonerror="true">
            <arg line="start"/>
        </exec>
    </target>
    
    <target name="copy-windows32" if="isKernel32">
        <echo message="Detectado Sistema Operacional Windows 32 bits"/>
        <copy file="bin/native/32/wrapper.dll" todir="bin/lib/native"/>
        <copy file="bin/native/32/service.exe" todir="bin/"/>
    </target>
    
    <target name="copy-windows64" if="isKernel64">
        <echo message="Detectado Sistema Operacional Windows 64 bits"/>
        <copy file="bin/native/64/wrapper.dll" todir="bin/lib/native"/>
        <copy file="bin/native/64/service.exe" todir="bin/"/>
    </target>
    
    <target name="copy-unix32" if="isKernel32">
        <echo message="Detectado Sistema Operacional Linux 32 bits"/>
        <copy file="bin/native/32/libwrapper.so" todir="bin/lib/native"/>
        <copy file="bin/native/32/service-wrapper" todir="bin/"/>
    </target>
    
    <target name="copy-unix64" if="isKernel64">
        <echo message="Detectado Sistema Operacional Linux 64 bits"/>
        <copy file="bin/native/64/libwrapper.so" todir="bin/lib/native"/>
        <copy file="bin/native/64/service-wrapper" todir="bin/"/>
    </target>

</project>