<?xml version="1.0" encoding="UTF-8"?>
<project name="com.itecbrazil.platform.jetty.remove" basedir="." default="setup">

    <import file="install.xml"/>
    
    <target name="setup" depends="detect-os,remove-windows-service,remove-unix-service"/>
    
    <target name="remove-windows-service" if="isWindows">
        <exec executable="bin/service.exe" failonerror="true">
            <arg line="--remove service.conf"/>
        </exec>
    </target>
    
    <target name="remove-unix-service" if="isUnix">
        <exec executable="update-rc.d" failonerror="true">
            <arg line="-f itec-appserver remove"/>
        </exec>
        <exec executable="unlink" failonerror="true">
            <arg line="/etc/init.d/itec-appserver"/>
        </exec>
    </target>

</project>